<?xml version="1.0"?>
<!DOCTYPE hibernate-mapping PUBLIC "-//Hibernate/Hibernate Mapping DTD 3.0//EN"
"http://hibernate.sourceforge.net/hibernate-mapping-3.0.dtd">
<!-- Generated Oct 4, 2007 1:55:26 PM by Hibernate Tools 3.2.0.b9 -->
<hibernate-mapping>
    <class name="com.salesmanager.core.entity.reference.CentralMeasureUnits" table="CENTRAL_MEASURE_UNITS">
        <cache usage="read-only"/>
        <comment></comment>
        <id name="centralMeasureUnitsId" type="int">
            <column name="CENTRAL_MEASURE_UNITS_ID" />
            <generator class="assigned" />
        </id>
        <property name="centralMeasureUnitsType" type="int">
            <column name="CENTRAL_MEASURE_UNITS_TYPE" not-null="true">
                <comment></comment>
            </column>
        </property>
        <property name="centralMeasureUnitsCode" type="string">
            <column name="CENTRAL_MEASURE_UNITS_CODE" length="5" not-null="true">
                <comment></comment>
            </column>
        </property>
        <property name="dateAdded" type="timestamp">
            <column name="DATE_ADDED" length="0">
                <comment></comment>
            </column>
        </property>
    </class>
</hibernate-mapping>
