<?xml version="1.0"?>
<!DOCTYPE hibernate-mapping PUBLIC "-//Hibernate/Hibernate Mapping DTD 3.0//EN"
"http://hibernate.sourceforge.net/hibernate-mapping-3.0.dtd">
<!-- Generated Jan 3, 2008 11:36:34 PM by Hibernate Tools 3.2.0.b9 -->
<hibernate-mapping>
    <class name="com.salesmanager.core.entity.reference.CentralIntegrationService" table="CENTRAL_INTEGRATION_SERVICES">
        <comment></comment>
        <id name="centralIntegrationServiceId" type="int">
            <column name="CENTRAL_INTEGRATION_SERVICES_ID" />
            <generator class="assigned" />
        </id>
        <property name="centralIntegrationServiceCode" type="int">
            <column name="CENTRAL_INTEGRATION_SERVICES_CODE" not-null="true">
                <comment></comment>
            </column>
        </property>
        <property name="centralIntegrationModule" type="string">
            <column name="CENTRAL_INTEGRATION_MODULE" length="60" not-null="true">
                <comment></comment>
            </column>
        </property>
        <property name="countryIsoCode2" type="string">
            <column name="COUNTRY_ISO_CODE_2" length="2" not-null="true">
                <comment></comment>
            </column>
        </property>
        <property name="centralIntegrationServiceSubtype" type="int">
            <column name="CENTRAL_INTEGRATION_SERVICES_SUBTYPE" not-null="true">
                <comment></comment>
            </column>
        </property>
        <property name="centralIntegrationServiceDescription" type="string">
            <column name="CENTRAL_INTEGRATION_SERVICES_DESCRIPTION" length="100">
                <comment></comment>
            </column>
        </property>
        <property name="centralIntegrationServiceLogoPath" type="string">
            <column name="CENTRAL_INTEGRATION_SERVICES_LOGO_PATH" length="65535">
                <comment></comment>
            </column>
        </property>
        <property name="centralIntegrationServicePosition" type="byte">
            <column name="CENTRAL_INTEGRATION_SERVICES_POSITION" not-null="true">
                <comment></comment>
            </column>
        </property>
        <property name="centralIntegrationServiceVisible" type="boolean">
            <column name="CENTRAL_INTEGRATION_SERVICES_VISIBLE" not-null="true">
                <comment></comment>
            </column>
        </property>
        <property name="centralIntegrationServiceNew" type="boolean">
            <column name="CENTRAL_INTEGRATION_SERVICES_NEW" not-null="true">
                <comment></comment>
            </column>
        </property>
        <property name="centralIntegrationServiceUrl" type="string">
            <column name="CENTRAL_INTEGRATION_SERVICES_URL" length="120">
                <comment></comment>
            </column>
        </property>
        <property name="centralIntegrationServiceDevProtocol" type="string">
            <column name="CENTRAL_INTEGRATION_SERVICES_DEV_PROTOCOL" length="10">
                <comment></comment>
            </column>
        </property>
        <property name="centralIntegrationServiceDevEnv" type="string">
            <column name="CENTRAL_INTEGRATION_SERVICES_DEV_ENV" length="75">
                <comment></comment>
            </column>
        </property>
        <property name="centralIntegrationServiceDevPort" type="string">
            <column name="CENTRAL_INTEGRATION_SERVICES_DEV_PORT" length="10">
                <comment></comment>
            </column>
        </property>
        <property name="centralIntegrationServiceDevDomain" type="string">
            <column name="CENTRAL_INTEGRATION_SERVICES_DEV_DOMAIN" length="75">
                <comment></comment>
            </column>
        </property>
        <property name="centralIntegrationServiceProdEnv" type="string">
            <column name="CENTRAL_INTEGRATION_SERVICES_PROD_ENV" length="75">
                <comment></comment>
            </column>
        </property>
        <property name="centralIntegrationServiceProdPort" type="string">
            <column name="CENTRAL_INTEGRATION_SERVICES_PROD_PORT" length="10">
                <comment></comment>
            </column>
        </property>
        <property name="centralIntegrationServiceProdProtocol" type="string">
            <column name="CENTRAL_INTEGRATION_SERVICES_PROD_PROTOCOL" length="10">
                <comment></comment>
            </column>
        </property>
        <property name="centralIntegrationServiceProdDomain" type="string">
            <column name="CENTRAL_INTEGRATION_SERVICES_PROD_DOMAIN" length="75">
                <comment></comment>
            </column>
        </property>
    </class>
</hibernate-mapping>
