<?xml version="1.0"?>
<!DOCTYPE hibernate-mapping PUBLIC "-//Hibernate/Hibernate Mapping DTD 3.0//EN"
"http://hibernate.sourceforge.net/hibernate-mapping-3.0.dtd">
<!-- Generated Oct 2, 2007 10:47:54 PM by Hibernate Tools 3.2.0.b9 -->
<hibernate-mapping>
    <class name="com.salesmanager.core.entity.reference.CentralCountryStatus" table="CENTRAL_COUNTRIES_STATUS">
        <cache usage="read-only"/>
        <comment></comment>
        <id name="centralCountryStatusId" type="int">
            <column name="CENTRAL_COUNTRIES_STATUS_ID" />
            <generator class="assigned" />
        </id>
        <property name="countryId" type="int">
            <column name="COUNTRIES_ID" not-null="true">
                <comment></comment>
            </column>
        </property>
        <property name="centralCountryStatusCode" type="int">
            <column name="CENTRAL_COUNTRIES_STATUS_CODE" not-null="true">
                <comment></comment>
            </column>
        </property>
        <property name="centralCountryCode" type="string">
            <column name="CENTRAL_COUNTRIES_CODE" length="2" not-null="true">
                <comment></comment>
            </column>
        </property>
        <property name="dateAdded" type="timestamp">
            <column name="DATE_ADDED" length="0" not-null="true">
                <comment></comment>
            </column>
        </property>
    </class>
</hibernate-mapping>
