<?xml version="1.0"?>
<!DOCTYPE hibernate-mapping PUBLIC "-//Hibernate/Hibernate Mapping DTD 3.0//EN"
"http://hibernate.sourceforge.net/hibernate-mapping-3.0.dtd">
<!-- Generated May 25, 2009 12:08:22 PM by Hibernate Tools 3.2.0.beta8 -->
<hibernate-mapping>
    <class name="com.salesmanager.core.entity.reference.DynamicLabel" table="DYNAMIC_LABEL">
        <comment></comment>
        <id name="dynamicLabelId" type="long">
            <column name="DYNAMIC_LABEL_ID" />
            <generator class="hilo">
                <param name="table">CENTRAL_SEQUENCER</param>
                <param name="column">DYNAMIC_LABEL_ID_NEXT_VALUE</param>
                <param name="max_lo">2</param>
        	</generator>
        </id>

        <property name="merchantId" type="int">
            <column name="MERCHANT_ID" not-null="true">
                <comment></comment>
            </column>
        </property>
        <property name="sectionId" type="int">
            <column name="SECTION_ID" not-null="true">
                <comment></comment>
            </column>
        </property>

        <property name="sortOrder" type="java.lang.Integer">
            <column name="SORT_ORDER">
                <comment></comment>
            </column>
        </property>
        <property name="visible" type="boolean">
            <column name="VISIBLE">
                <comment></comment>
            </column>
        </property>
       <property name="title" type="string">
            <column name="TITLE">
                <comment></comment>
            </column>
        </property>
        
       <property name="position" type="java.lang.Integer">
            <column name="POSITION">
                <comment></comment>
            </column>
        </property>
        
        <property name="image" type="string">
            <column name="IMAGE">
                <comment></comment>
            </column>
        </property>
        
        <set name="descriptions"

				lazy="false"
				inverse="true"
				fetch="join">
				<key column="DYNAMIC_LABEL_ID"/>
				<one-to-many class="com.salesmanager.core.entity.reference.DynamicLabelDescription" />
		</set>
    </class>
</hibernate-mapping>
