<?xml version="1.0"?>
<!DOCTYPE hibernate-mapping PUBLIC "-//Hibernate/Hibernate Mapping DTD 3.0//EN"
"http://hibernate.sourceforge.net/hibernate-mapping-3.0.dtd">
<!-- Generated Nov 11, 2009 9:19:07 AM by Hibernate Tools 3.2.4.GA -->
<hibernate-mapping>
    <class name="com.salesmanager.core.test.Manufacturers" table="MANUFACTURERS">
        <id name="manufacturersId" type="java.lang.Integer">
            <column name="MANUFACTURERS_ID" />
            <generator class="hilo">
                <param name="table">CENTRAL_SEQUENCER</param>
                <param name="column">MANUFACTURERS_ID_NEXT_VALUE</param>
                <param name="max_lo">2</param>
        	</generator>
        </id>
        <property name="manufacturersName" type="string">
            <column name="MANUFACTURERS_NAME" length="32" not-null="true" />
        </property>
        <property name="manufacturersImage" type="string">
            <column name="MANUFACTURERS_IMAGE" length="64" />
        </property>
        <property name="dateAdded" type="timestamp">
            <column name="DATE_ADDED" length="0" />
        </property>
        <property name="lastModified" type="timestamp">
            <column name="LAST_MODIFIED" length="0" />
        </property>
    </class>
</hibernate-mapping>
