<?xml version="1.0"?>
<!DOCTYPE hibernate-mapping PUBLIC "-//Hibernate/Hibernate Mapping DTD 3.0//EN"
"http://hibernate.sourceforge.net/hibernate-mapping-3.0.dtd">
<!-- Generated Jul 26, 2007 3:08:40 PM by Hibernate Tools 3.2.0.b9 -->
<hibernate-mapping>
    <class name="com.salesmanager.core.entity.reference.MerchantId" table="MERCHANT_ID">
        <comment></comment>
        <id name="merchantId" type="int">
            <column name="MERCHANTID" />
            <generator class="hilo">
                <param name="table">CENTRAL_SEQUENCER</param>
                <param name="column">MERCHANTID_ID_NEXT_VALUE</param>
                <param name="max_lo">2</param>
        	</generator>
        </id>
        <property name="dateAdded" type="timestamp">
            <column name="DATE_ADDED" length="0">
                <comment></comment>
            </column>
        </property>
    </class>
</hibernate-mapping>
