<?xml version="1.0"?>
<!DOCTYPE hibernate-mapping PUBLIC "-//Hibernate/Hibernate Mapping DTD 3.0//EN"
"http://hibernate.sourceforge.net/hibernate-mapping-3.0.dtd">
<!-- Generated Oct 27, 2010 10:12:33 PM by Hibernate Tools 3.2.4.GA -->
<hibernate-mapping>
    <class name="com.salesmanager.core.entity.merchant.MerchantUserRoleDef" table="MERCHANT_USER_ROLE_DEF">
        <cache usage="read-only"/>
        <id name="roleid" type="java.lang.Integer">
            <column name="ROLEID" />
            <generator class="identity" />
        </id>
        <property name="roleCode" type="string">
            <column name="ROLE_CODE" length="10" not-null="true" />
        </property>
        <property name="roleDescription" type="string">
            <column name="ROLE_DESCRIPTION" />
        </property>
    </class>
</hibernate-mapping>
