<?xml version="1.0"?>
<!DOCTYPE hibernate-mapping PUBLIC "-//Hibernate/Hibernate Mapping DTD 3.0//EN"
"http://hibernate.sourceforge.net/hibernate-mapping-3.0.dtd">
<!-- Generated Nov 8, 2008 9:09:20 AM by Hibernate Tools 3.2.0.beta8 -->
<hibernate-mapping>
    <class name="com.salesmanager.core.test.OrdersAccountStatusHistory" table="ORDERS_ACCOUNT_STATUS_HISTORY" >
        <comment></comment>
        <id name="orderAccountStatusHistoryId" type="long">
            <column name="ORDER_ACCNT_STAT_HISTORY_ID" />
            <generator class="assigned" />
        </id>
        <property name="languageId" type="int">
            <column name="LANGUAGE_ID" not-null="true">
                <comment></comment>
            </column>
        </property>
        <property name="orderAccountStatusHistoryName" type="string">
            <column name="ORDER_ACCNT_STAT_HISTORY_NAME" length="32" not-null="true">
                <comment></comment>
            </column>
        </property>
    </class>
</hibernate-mapping>
