<?xml version="1.0"?>
<!DOCTYPE hibernate-mapping PUBLIC "-//Hibernate/Hibernate Mapping DTD 3.0//EN"
"http://hibernate.sourceforge.net/hibernate-mapping-3.0.dtd">
<!-- Generated Sep 3, 2007 8:57:47 PM by Hibernate Tools 3.2.0.b9 -->
<hibernate-mapping>
    <class name="com.salesmanager.core.entity.orders.OrderProductDownload" table="ORDERS_PRODUCTS_DOWNLOAD">
        <comment></comment>
        <id name="orderProductDownloadId" type="long">
            <column name="ORDERS_PRODUCTS_DOWNLOAD_ID" />
            <generator class="hilo">
                <param name="table">CENTRAL_SEQUENCER</param>
                <param name="column">ORDER_PRODUCT_DL_ID_NEXT_VALUE</param>
                <param name="max_lo">1</param>
        	</generator>
        </id>
        <property name="orderId" type="long">
            <column name="ORDERS_ID" not-null="true">
                <comment></comment>
            </column>
        </property>
        <property name="orderProductId" type="long">
            <column name="ORDERS_PRODUCTS_ID" not-null="true">
                <comment></comment>
            </column>
        </property>
        <property name="fileId" type="long">
            <column name="FILE_ID" not-null="true">
                <comment></comment>
            </column>
        </property>
        <property name="orderProductFilename" type="string">
            <column name="ORDERS_PRODUCTS_FILENAME" not-null="true">
                <comment></comment>
            </column>
        </property>
        <property name="downloadMaxdays" type="int">
            <column name="DOWNLOAD_MAXDAYS" not-null="true">
                <comment></comment>
            </column>
        </property>
        <property name="downloadCount" type="int">
            <column name="DOWNLOAD_COUNT" not-null="true">
                <comment></comment>
            </column>
        </property>
    </class>
</hibernate-mapping>
