<?xml version="1.0"?>
<!DOCTYPE hibernate-mapping PUBLIC "-//Hibernate/Hibernate Mapping DTD 3.0//EN"
"http://hibernate.sourceforge.net/hibernate-mapping-3.0.dtd">
<!-- Generated Oct 28, 2010 6:11:56 PM by Hibernate Tools 3.2.4.GA -->
<hibernate-mapping>
    <class name="com.salesmanager.core.entity.reference.Portlet" table="PORTLET">
        <id name="portletId" type="long">
            <column name="PORTLET_ID" />
            <generator class="hilo">
                <param name="table">CENTRAL_SEQUENCER</param>
                <param name="column">PORTLET_ID_NEXT_VALUE</param>
                <param name="max_lo">2</param>
        	</generator>
        </id>
        <property name="merchantId" type="int">
            <column name="MERCHANT_ID" not-null="true" />
        </property>
        <property name="page" type="long">
            <column name="PAGE" not-null="true" />
        </property>
        <property name="title" type="string">
            <column name="TITLE" length="60" not-null="true" />
        </property>
        <property name="name" type="string">
            <column name="NAME" length="100" />
        </property>
        <property name="portletType" type="java.lang.Integer">
            <column name="PORTLET_TYPE" />
        </property>
        <property name="labelId" type="long">
            <column name="LABEL_ID" not-null="true" />
        </property>
        <property name="visible" type="java.lang.Boolean">
            <column name="VISIBLE" />
        </property>
        <property name="enabled" type="java.lang.Boolean">
            <column name="ENABLED" />
        </property>
        <property name="sortOrder" type="java.lang.Integer">
            <column name="SORT_ORDER" />
        </property>
        <property name="columnId" type="string">
            <column name="COLUMN_ID" length="20" not-null="true" />
        </property>
    </class>
</hibernate-mapping>
