<?xml version="1.0"?>
<!DOCTYPE hibernate-mapping PUBLIC "-//Hibernate/Hibernate Mapping DTD 3.0//EN"
"http://hibernate.sourceforge.net/hibernate-mapping-3.0.dtd">
<!-- Generated Jan 24, 2008 4:28:03 PM by Hibernate Tools 3.2.0.b9 -->
<hibernate-mapping>
    <class name="com.salesmanager.core.entity.reference.ProductOptionType" table="PRODUCTS_OPTIONS_TYPES">
        <cache usage="read-only"/>
        <comment></comment>
        <id name="productOptionTypeId" type="int">
            	<column name="PRODUCTS_OPTIONS_TYPES_ID" />
            	<generator class="assigned" />
       </id>
        <property name="productOptionTypeName" type="string">
            <column name="PRODUCTS_OPTIONS_TYPES_NAME" length="64" not-null="true">
                <comment></comment>
            </column>
        </property>
    </class>
</hibernate-mapping>
