<?xml version="1.0"?>
<!DOCTYPE hibernate-mapping PUBLIC "-//Hibernate/Hibernate Mapping DTD 3.0//EN"
"http://hibernate.sourceforge.net/hibernate-mapping-3.0.dtd">
<!-- Generated Nov 5, 2008 10:22:35 PM by Hibernate Tools 3.2.0.beta8 -->
<hibernate-mapping>
    <class name="com.salesmanager.core.entity.catalog.ProductPriceSpecial" table="PRODUCTS_PRICE_SPECIALS">
        <comment></comment>
        <id name="productPriceId" type="long">
            <column name="PRODUCT_PRICE_ID" not-null="true"/>
              <generator class="assigned" />

        </id>
        <property name="productPriceSpecialStartDate" type="timestamp">
            <column name="PRODUCT_PRICE_SPECIAL_ST_DATE" length="0">
                <comment></comment>
            </column>
        </property>
        <property name="productPriceSpecialEndDate" type="timestamp">
            <column name="PRODUCT_PRICE_SPECIAL_END_DATE" length="0">
                <comment></comment>
            </column>
        </property>
        <property name="productPriceSpecialDurationDays" type="java.lang.Integer">
            <column name="PRODUCT_PRICE_SPECIAL_DAYS">
                <comment></comment>
            </column>
        </property>
        <property name="productPriceSpecialAmount" type="big_decimal">
            <column name="PRODUCT_PRICE_SPECIAL_AMOUNT" precision="15" not-null="true">
                <comment></comment>
            </column>
        </property>
    </class>
</hibernate-mapping>
