<?xml version="1.0"?>
<!DOCTYPE hibernate-mapping PUBLIC "-//Hibernate/Hibernate Mapping DTD 3.0//EN"
"http://hibernate.sourceforge.net/hibernate-mapping-3.0.dtd">
<!-- Generated Jan 24, 2008 4:28:03 PM by Hibernate Tools 3.2.0.b9 -->
<hibernate-mapping>
    <class name="com.salesmanager.core.entity.catalog.ProductOptionValueToProductOption" table="PRODUCTS_OPTIONS_VAL_PRD_OPTS">
        <comment></comment>

        <composite-id name="id" class="com.salesmanager.core.entity.catalog.ProductOptionValueToProductOptionId">
            <key-property name="productOptionId" type="long">
                <column name="PRODUCTS_OPTIONS_ID" />
            </key-property>
            <key-property name="productOptionValueId" type="long">
                <column name="PRODUCTS_OPTIONS_VALUES_ID" />
            </key-property>
        </composite-id>

    </class>
</hibernate-mapping>
