<?xml version="1.0"?>
<!DOCTYPE hibernate-mapping PUBLIC "-//Hibernate/Hibernate Mapping DTD 3.0//EN"
"http://hibernate.sourceforge.net/hibernate-mapping-3.0.dtd">
<!-- Generated Nov 11, 2009 9:19:07 AM by Hibernate Tools 3.2.4.GA -->
<hibernate-mapping>
    <class name="com.salesmanager.core.entity.catalog.Review" table="REVIEWS">
        <id name="reviewId" type="long">
            <column name="REVIEWS_ID" />
             <generator class="hilo">
                <param name="table">CENTRAL_SEQUENCER</param>
                <param name="column">REVIEW_ID_NEXT_VALUE</param>
                <param name="max_lo">2</param>
        	</generator>
        </id>
        <property name="productId" type="long">
            <column name="PRODUCTS_ID" not-null="true" />
        </property>
        <property name="customerId" type="long">
            <column name="CUSTOMERS_ID" />
        </property>
        <property name="customerName" type="string">
            <column name="CUSTOMERS_NAME" length="64" not-null="true" />
        </property>
        <property name="reviewRating" type="int">
            <column name="REVIEWS_RATING" />
        </property>
        <property name="dateAdded" type="timestamp">
            <column name="DATE_ADDED" length="0" />
        </property>
        <property name="lastModified" type="timestamp">
            <column name="LAST_MODIFIED" length="0" />
        </property>
        <property name="reviewRead" type="long">
            <column name="REVIEWS_READ" />
        </property>
        <property name="status" type="int">
            <column name="STATUS" />
        </property>
        
        <set name="descriptions"
				lazy="false"
				inverse="true"
				fetch="join">
				<key column="REVIEWS_ID" />
				<one-to-many class="com.salesmanager.core.entity.catalog.ReviewDescription" />
		</set>
		
		<many-to-one name="customer" class="com.salesmanager.core.entity.customer.Customer" column="CUSTOMERS_ID" lazy="false" insert="false" update="false"/>
		
		

    </class>
</hibernate-mapping>
