<?xml version="1.0"?>
<!DOCTYPE hibernate-mapping PUBLIC "-//Hibernate/Hibernate Mapping DTD 3.0//EN"
"http://hibernate.sourceforge.net/hibernate-mapping-3.0.dtd">
<!-- Generated Sep 18, 2007 1:51:22 PM by Hibernate Tools 3.2.0.b9 -->
<hibernate-mapping>
    <class name="com.salesmanager.core.entity.tax.TaxClass" table="TAX_CLASS">
        <comment></comment>
        <id name="taxClassId" type="long">
            <column name="TAX_CLASS_ID" />
            <generator class="hilo">
                <param name="table">CENTRAL_SEQUENCER</param>
                <param name="column">TAXCLASS_ID_NEXT_VALUE</param>
                <param name="max_lo">2</param>
        	</generator>
        </id>
        <property name="taxClassTitle" type="string">
            <column name="TAX_CLASS_TITLE" length="32" not-null="true">
                <comment></comment>
            </column>
        </property>
        <property name="taxClassDescription" type="string">
            <column name="TAX_CLASS_DESCRIPTION" not-null="true">
                <comment></comment>
            </column>
        </property>
        <property name="lastModified" type="timestamp">
            <column name="LAST_MODIFIED" length="0">
                <comment></comment>
            </column>
        </property>
        <property name="dateAdded" type="timestamp">
            <column name="DATE_ADDED" length="0">
                <comment></comment>
            </column>
        </property>
        <property name="merchantId" type="int">
            <column name="MERCHANTID">
                <comment></comment>
            </column>
        </property>
    </class>
</hibernate-mapping>
