<?xml version="1.0"?>
<!DOCTYPE hibernate-mapping PUBLIC "-//Hibernate/Hibernate Mapping DTD 3.0//EN"
"http://hibernate.sourceforge.net/hibernate-mapping-3.0.dtd">
<!-- Generated Mar 18, 2008 9:14:50 PM by Hibernate Tools 3.2.0.b9 -->
<hibernate-mapping>
    <class name="com.salesmanager.core.entity.reference.Zone" table="ZONES">
        <cache usage="read-only"/>
        <comment></comment>
        <id name="zoneId" type="int">
            <column name="ZONE_ID" />
            <generator class="assigned" />
        </id>
        <property name="zoneCountryId" type="int">
            <column name="ZONE_COUNTRY_ID" not-null="true">
                <comment></comment>
            </column>
        </property>
        <property name="zoneCode" type="string">
            <column name="ZONE_CODE" length="32" not-null="true">
                <comment></comment>
            </column>
        </property>

         <set name="Descriptions"
				inverse="true" lazy="false">
				<key column="ZONE_ID"/>
				<one-to-many class="com.salesmanager.core.entity.reference.ZoneDescription" />
		</set>

    </class>
</hibernate-mapping>
