<?xml version="1.0" encoding="UTF-8" ?>

<!DOCTYPE struts PUBLIC
    "-//Apache Software Foundation//DTD Struts Configuration 2.0//EN"
    "http://struts.apache.org/dtds/struts-2.0.dtd">

<struts>




    <package name="integration" extends="default" namespace="/integration">

		<result-types>
    		 	<result-type name="tiles" class="org.apache.struts2.views.tiles.TilesResult"/>
    		 	<result-type name="redirect" class="org.apache.struts2.dispatcher.ServletActionRedirectResult" />
        </result-types>


		
		<!-- facebook page administration -->
		<action name="fbportlet" method="displayPage" class="com.salesmanager.central.integration.FbPageAdminAction">
			<result name="success" type="tiles">fbPageConfiguration</result>
			<result name="error" type="tiles">fbPageConfiguration</result>
			<interceptor-ref name="smAdminStack" />
		</action>
		
		<action name="createfbpage" method="createPage" class="com.salesmanager.central.integration.FbPageAdminAction">
			<result name="success" type="redirectAction">fbportlet</result>
			<result name="error" type="tiles">fbportlet</result>
			<interceptor-ref name="smAdminStack" />
		</action>
		
		<action name="fbPageHeader" method="editPageHeader" class="com.salesmanager.central.integration.FbPageAdminAction">
			<result name="success" type="redirectAction">fbportlet</result>
			<result name="error" type="tiles">fbPageConfiguration</result>
			<interceptor-ref name="smAdminStack" />
		</action>
		
		<action name="fbPageConfig" method="editPageConfig" class="com.salesmanager.central.integration.FbPageAdminAction">
			<result name="success" type="redirectAction">fbportlet</result>
			<result name="error" type="tiles">fbPageConfiguration</result>
			<interceptor-ref name="smAdminStack" />
		</action>
		
		<action name="integrationKeys" method="displayPage" class="com.salesmanager.central.integration.IntegrationKeysAction">
			<result name="success" type="tiles">integrationKeys</result>
			<interceptor-ref name="smAdminStack" />
		</action>
		
		<action name="editIntegrationKeys" method="editConfigurationKeys" class="com.salesmanager.central.integration.IntegrationKeysAction">
			<result name="success" type="tiles">integrationKeys</result>
			<interceptor-ref name="smAdminStack" />
		</action>
		
		
		<action name="portletConfig" method="displayFields" class="com.salesmanager.central.integration.PortletConfigurationAction">
			<result name="success">portletConfig.jsp</result>
			<interceptor-ref name="smAdminStack" />
		</action>
		
		









    </package>




</struts>