<?xml version="1.0" encoding="ISO-8859-1" ?>
<!--
/*
 * Licensed to the Apache Software Foundation (ASF) under one
 * or more contributor license agreements.  See the NOTICE file
 * distributed with this work for additional information
 * regarding copyright ownership.  The ASF licenses this file
 * to you under the Apache License, Version 2.0 (the
 * "License"); you may not use this file except in compliance
 * with the License.  You may obtain a copy of the License at
 *
 * http://www.apache.org/licenses/LICENSE-2.0
 *
 * Unless required by applicable law or agreed to in writing,
 * software distributed under the License is distributed on an
 * "AS IS" BASIS, WITHOUT WARRANTIES OR CONDITIONS OF ANY
 * KIND, either express or implied.  See the License for the
 * specific language governing permissions and limitations
 * under the License.
 *
 */
-->

<!DOCTYPE tiles-definitions PUBLIC
        "-//Apache Software Foundation//DTD Tiles Configuration 2.0//EN"
        "http://struts.apache.org/dtds/tiles-config_2_0.dtd">

<tiles-definitions>

	<!-- menuIndex not implemented all values set to 0 -->
    
    <!-- Shipping modules -->
    <definition name="shippingmain" template="/layout/adminLayout.jsp">
        <put-attribute name="page" value="shippingmain" type="string"/>
        <put-attribute name="menuIndex" value="0" type="string"/>
        <put-attribute name="menu" value="/shipping/shippingleftmenu.jsp"/>
    	<put-attribute name="body" value="/shipping/shippingmain.jsp"/>
    </definition>
    
    <definition name="shipping" template="/layout/adminLayout.jsp">
        <put-attribute name="page" value="shipping" type="string"/>
        <put-attribute name="menuIndex" value="0" type="string"/>
        <put-attribute name="menu" value="/shipping/shippingleftmenu.jsp"/>
    	<put-attribute name="body" value="/shipping/shipping.jsp"/>
    </definition>
    
    <definition name="shippingmethods" template="/layout/adminLayout.jsp">
        <put-attribute name="page" value="shippingmethods" type="string"/>
        <put-attribute name="menuIndex" value="0" type="string"/>
        <put-attribute name="menu" value="/shipping/shippingleftmenu.jsp"/>
    	<put-attribute name="body" value="/shipping/shippingmethods.jsp"/>
    </definition>
 
     <definition name="packing" template="/layout/adminLayout.jsp">
        <put-attribute name="page" value="packing" type="string"/>
        <put-attribute name="menuIndex" value="0" type="string"/>
        <put-attribute name="menu" value="/shipping/shippingleftmenu.jsp"/>
    	<put-attribute name="body" value="/shipping/packing.jsp"/>
    </definition>
    
    <definition name="shippingotherconfiguration" template="/layout/adminLayout.jsp">
        <put-attribute name="page" value="shippingotherconfiguration" type="string"/>
        <put-attribute name="menuIndex" value="0" type="string"/>
        <put-attribute name="menu" value="/shipping/shippingleftmenu.jsp"/>
    	<put-attribute name="body" value="/shipping/shippingotherconfiguration.jsp"/>
    </definition>
    
    <definition name="shippingcustomrates" template="/layout/adminLayout.jsp">
        <put-attribute name="page" value="shippingcustomrates" type="string"/>
        <put-attribute name="menuIndex" value="0" type="string"/>
        <put-attribute name="menu" value="/shipping/shippingleftmenu.jsp"/>
    	<put-attribute name="body" value="/shipping/shippingcustomrates.jsp"/>
    </definition>  
 
    
</tiles-definitions>
