<?xml version="1.0" encoding="ISO-8859-1" ?>
<!--
/*
 * Licensed to the Apache Software Foundation (ASF) under one
 * or more contributor license agreements.  See the NOTICE file
 * distributed with this work for additional information
 * regarding copyright ownership.  The ASF licenses this file
 * to you under the Apache License, Version 2.0 (the
 * "License"); you may not use this file except in compliance
 * with the License.  You may obtain a copy of the License at
 *
 * http://www.apache.org/licenses/LICENSE-2.0
 *
 * Unless required by applicable law or agreed to in writing,
 * software distributed under the License is distributed on an
 * "AS IS" BASIS, WITHOUT WARRANTIES OR CONDITIONS OF ANY
 * KIND, either express or implied.  See the License for the
 * specific language governing permissions and limitations
 * under the License.
 *
 */
-->

<!DOCTYPE tiles-definitions PUBLIC
        "-//Apache Software Foundation//DTD Tiles Configuration 2.0//EN"
        "http://struts.apache.org/dtds/tiles-config_2_0.dtd">

<tiles-definitions>


    

    <definition name="orderlist" template="/layout/adminLayout.jsp">
        <put-attribute name="page" value="orderlist" type="string"/>
        <put-attribute name="menuIndex" value="1" type="string"/>
        <put-attribute name="menu" value="/components/blank.html"/>
    	<put-attribute name="body" value="/orders/orderlist.jsp"/>
    </definition>
   
     <definition name="orderdetails" template="/layout/adminLayout.jsp">
        <put-attribute name="page" value="orderdetails" type="string"/>
        <put-attribute name="menuIndex" value="1" type="string"/>
        <put-attribute name="menu" value="/components/blank.html"/>
    	<put-attribute name="body" value="/orders/orderdetails.jsp"/>
    </definition>

     <definition name="editcustomershipping" template="/layout/adminLayout.jsp">
        <put-attribute name="page" value="editcustomershipping" type="string"/>
        <put-attribute name="menuIndex" value="1" type="string"/>
        <put-attribute name="menu" value="/components/blank.html"/>
    	<put-attribute name="body" value="/orders/editcustomershipping.jsp"/>
    </definition>
    
    <definition name="editcustomerbilling" template="/layout/adminLayout.jsp">
        <put-attribute name="page" value="editcustomerbilling" type="string"/>
        <put-attribute name="menuIndex" value="1" type="string"/>
        <put-attribute name="menu" value="/components/blank.html"/>
    	<put-attribute name="body" value="/orders/editcustomerbilling.jsp"/>
    </definition>
    
    <definition name="editorderemailaddress" template="/layout/adminLayout.jsp">
        <put-attribute name="page" value="editorderemailaddress" type="string"/>
        <put-attribute name="menuIndex" value="1" type="string"/>
        <put-attribute name="menu" value="/components/blank.html"/>
    	<put-attribute name="body" value="/orders/editorderemailaddress.jsp"/>
    </definition>
    
    <definition name="transactiondetails" template="/layout/adminLayout.jsp">
        <put-attribute name="page" value="transactiondetails" type="string"/>
        <put-attribute name="menuIndex" value="1" type="string"/>
        <put-attribute name="menu" value="/components/blank.html"/>
    	<put-attribute name="body" value="/orders/transactiondetails.jsp"/>
    </definition>

</tiles-definitions>
